{
  "project_info": {
    "project_number": "709722921641",
    "firebase_url": "https://tic-tak-toe-c6210-default-rtdb.firebaseio.com",
    "project_id": "tic-tak-toe-c6210",
    "storage_bucket": "tic-tak-toe-c6210.appspot.com"
  },
  "client": [
    {
      "client_info": {
        "mobilesdk_app_id": "1:709722921641:android:9c692ec623eab6bc2527b8",
        "android_client_info": {
          "package_name": "com.example.tictactoe"
        }
      },
      "oauth_client": [
        {
          "client_id": "709722921641-vg5148njaibgjv8v4gpebk62uq19mgic.apps.googleusercontent.com",
          "client_type": 3
        }
      ],
      "api_key": [
        {
          "current_key": "AIzaSyAUQdG5LLKafHPe0UTGWVPnT0iQ2kHSZ0w"
        }
      ],
      "services": {
        "appinvite_service": {
          "other_platform_oauth_client": [
            {
              "client_id": "709722921641-vg5148njaibgjv8v4gpebk62uq19mgic.apps.googleusercontent.com",
              "client_type": 3
            }
          ]
        }
      }
    }
  ],
  "configuration_version": "1"
}